id,design,session_id,ts,event,context,user_msg,assistant,app_msg,plot
1,coffee_dashboard_with_llm,d8c0242ae6fe380933f76e451cffdf06,2026-09-08 04:37:24.637577+00,query,explain_panel,explain the plot,,,
2,coffee_dashboard_with_llm,d8c0242ae6fe380933f76e451cffdf06,2026-09-08 04:37:26.10848+00,plot_image_sent,explain_panel,,,,"Bar|All Varietals,Catuai,Gesha|price_per_kg_usd|farm_size_ha|farm_size_ha"
3,coffee_dashboard_with_llm,d8c0242ae6fe380933f76e451cffdf06,2026-09-08 04:37:32.666126+00,exchange,explain_panel,explain the plot,"This is a bar chart showing the mean farm size (in hectares) for five coffee varietals: Bourbon, Catuai, Caturra, Gesha, and Typica. All five varietals have very similar average farm sizes, clustering tightly around 12–13 ha. Caturra appears marginally the largest and Bourbon marginally the smallest, but the differences are quite small — there's no standout varietal here. Overall, farm size appears broadly consistent across varietals in this dataset.",,
4,coffee_dashboard_with_llm,d8c0242ae6fe380933f76e451cffdf06,2026-09-08 04:37:43.506534+00,query,explain_panel,explain the plot,,,
5,coffee_dashboard_with_llm,d8c0242ae6fe380933f76e451cffdf06,2026-09-08 04:37:44.831053+00,plot_image_sent,explain_panel,,,,"Bar|All Varietals,Catuai,Gesha|price_per_kg_usd|farm_size_ha|altitude_m"
6,coffee_dashboard_with_llm,d8c0242ae6fe380933f76e451cffdf06,2026-09-08 04:37:50.149686+00,exchange,explain_panel,explain the plot,"This bar chart shows the mean growing altitude (in metres) for each of the five coffee varietals. Unlike farm size, there are meaningful differences here. Gesha farms sit highest on average at around 1,600 m, followed by Catuai (~1,475 m), Typica (~1,350 m), and Caturra (~1,225 m). Bourbon is grown at the lowest average altitude, around 1,075 m — roughly 500 m below Gesha. This suggests Gesha tends to be cultivated in notably higher-elevation environments than the other varietals, while Bourbon is most associated with lower altitudes.",,
7,coffee_dashboard_with_llm,d8c0242ae6fe380933f76e451cffdf06,2026-09-08 04:38:15.282409+00,query,explain_panel,explain the plot,,,
8,coffee_dashboard_with_llm,d8c0242ae6fe380933f76e451cffdf06,2026-09-08 04:38:16.561677+00,plot_image_sent,explain_panel,,,,Scatter|All Varietals|altitude_m|price_per_kg_usd|altitude_m
9,coffee_dashboard_with_llm,d8c0242ae6fe380933f76e451cffdf06,2026-09-08 04:38:22.839848+00,exchange,explain_panel,explain the plot,"This scatter plot shows the relationship between farm altitude (x-axis, in metres) and price per kg in USD (y-axis). There is a moderate positive association — as altitude increases, price per kg tends to rise. Farms below ~1,200 m cluster mostly between $4–10/kg, while farms above ~1,400 m show prices more commonly reaching $12–17/kg.

The spread is fairly wide at all altitudes, indicating altitude alone doesn't fully determine price. There are a few outliers, notably one point around 900 m fetching ~$13/kg, and some high-altitude farms still achieving relatively low prices. To explore whether this pattern differs by varietal, you could select a specific varietal subset using the Varietal control, which would colour the points accordingly.",,
10,coffee_dashboard_with_llm,cdec2216e9b7790b61ac01940649436b,2026-09-08 13:45:04.738775+00,query,explain_panel,what is this plot?,,,
11,coffee_dashboard_with_llm,cdec2216e9b7790b61ac01940649436b,2026-09-08 13:45:06.176234+00,plot_image_sent,explain_panel,,,,Scatter|All Varietals|farm_size_ha|tree_age_years|price_per_kg_usd
12,coffee_dashboard_with_llm,cdec2216e9b7790b61ac01940649436b,2026-09-08 13:45:13.333847+00,exchange,explain_panel,what is this plot?,"This is a scatter plot showing the relationship between farm size (in hectares, on the x-axis) and average tree age (in years, on the y-axis) across all varietals combined. There's a clear, strong positive association — larger farms tend to have older trees — with the points forming a fairly tight diagonal band. The spread widens slightly at larger farm sizes, and there are a handful of outliers at the upper end (farms around 23–25 ha with trees aged 24+ years). Farm sizes range roughly from 4 to 25 ha, and tree ages from about 7 to 25 years.",,
13,coffee_dashboard_with_llm,cdec2216e9b7790b61ac01940649436b,2026-09-08 13:45:36.601927+00,query,explain_panel,"A cooperative is buying land to plant a new coffee plot, and wants the coffee to sell for the highest possible price per kilogram. Based on the data, should they buy land at a higher or a lower altitude?",,,
14,coffee_dashboard_with_llm,cdec2216e9b7790b61ac01940649436b,2026-09-08 13:45:42.118654+00,exchange,explain_panel,"A cooperative is buying land to plant a new coffee plot, and wants the coffee to sell for the highest possible price per kilogram. Based on the data, should they buy land at a higher or a lower altitude?","The current plot shows farm size vs. tree age, so it can't answer that question directly. To see how altitude relates to price, you'd need to change the **X axis** to `altitude_m` and the **Y axis** to `price_per_kg_usd` in the scatter controls.",,