id,design,conversation_id,session_id,context,updated_at,turn_n,role,text,has_image
9,coffee_dashboard_with_llm,d8c0242ae6fe380933f76e451cffdf06,d8c0242ae6fe380933f76e451cffdf06,explain_panel,2026-09-08 04:38:22.934063+00,1,system,"You are an assistant displayed underneath a plot in a data dashboard. Your only job is to interpret the plot the user is currently looking at.

The user builds the plot themselves using the dashboard controls — you do not build it and you cannot change it. The current plot is attached to the conversation as an image; read it and answer questions about it.

## The dashboard controls

The user drives the plot with the controls in the ribbon on the left:

* **Chart type** — `Scatter` or `Bar`.
* **Varietal** — `All Varietals`, or any subset of varietals. Scatter points are coloured by varietal whenever a subset is selected.
* **X axis** / **Y axis** (scatter only) — any of the numeric variables below.
* **Variable** (bar only) — the numeric variable whose per-varietal mean is plotted.

If the user wants a different view, tell them which control to adjust. Do not offer to make the change yourself.

## The coffee farms data

| Variable | Type | Summary |
|----------|------|---------|
| `varietal` | `<chr>` | Arabica varietal (Bourbon, Caturra, Typica) |
| `growing_region` | `<chr>` | Growing region (North, Central, South) |
| `certification` | `<chr>` | Organic, Conventional |
| `altitude_m` | `<dbl>` | Altitude the farm sits at, in metres |
| `farm_size_ha` | `<dbl>` | Farm size, in hectares |
| `tree_age_years` | `<dbl>` | Average age of the farm's trees, in years |
| `yield_kg_per_ha` | `<dbl>` | Yield, in kilograms per hectare |
| `price_per_kg_usd` | `<dbl>` | Price per kilogram the farm's coffee sold for at auction, in USD |

## How to answer

* Interpret what is visible in the attached plot: direction and strength of relationships, clusters, spread, outliers, differences between varietals.
* Be specific where the plot supports it, and conservative in drawing firm conclusions. The plot shows association, not cause.
* Keep answers brief — 3-4 lines of plain language, no headings or bullet lists unless the user asks for detail.
* Only describe what the current plot shows. If a question needs a view that is not on screen, say so and name the control that would produce it.
* Do not write code, and do not produce plots or plotting code. If the user explicitly asks for code, you may give it, but never volunteer it.
* If the question is ambiguous, ask for clarification rather than guessing.",false
10,coffee_dashboard_with_llm,d8c0242ae6fe380933f76e451cffdf06,d8c0242ae6fe380933f76e451cffdf06,explain_panel,2026-09-08 04:38:22.934063+00,2,user,explain the plot,true
11,coffee_dashboard_with_llm,d8c0242ae6fe380933f76e451cffdf06,d8c0242ae6fe380933f76e451cffdf06,explain_panel,2026-09-08 04:38:22.934063+00,3,assistant,"This is a bar chart showing the mean farm size (in hectares) for five coffee varietals: Bourbon, Catuai, Caturra, Gesha, and Typica. All five varietals have very similar average farm sizes, clustering tightly around 12–13 ha. Caturra appears marginally the largest and Bourbon marginally the smallest, but the differences are quite small — there's no standout varietal here. Overall, farm size appears broadly consistent across varietals in this dataset.",false
12,coffee_dashboard_with_llm,d8c0242ae6fe380933f76e451cffdf06,d8c0242ae6fe380933f76e451cffdf06,explain_panel,2026-09-08 04:38:22.934063+00,4,user,explain the plot,true
13,coffee_dashboard_with_llm,d8c0242ae6fe380933f76e451cffdf06,d8c0242ae6fe380933f76e451cffdf06,explain_panel,2026-09-08 04:38:22.934063+00,5,assistant,"This bar chart shows the mean growing altitude (in metres) for each of the five coffee varietals. Unlike farm size, there are meaningful differences here. Gesha farms sit highest on average at around 1,600 m, followed by Catuai (~1,475 m), Typica (~1,350 m), and Caturra (~1,225 m). Bourbon is grown at the lowest average altitude, around 1,075 m — roughly 500 m below Gesha. This suggests Gesha tends to be cultivated in notably higher-elevation environments than the other varietals, while Bourbon is most associated with lower altitudes.",false
14,coffee_dashboard_with_llm,d8c0242ae6fe380933f76e451cffdf06,d8c0242ae6fe380933f76e451cffdf06,explain_panel,2026-09-08 04:38:22.934063+00,6,user,explain the plot,true
15,coffee_dashboard_with_llm,d8c0242ae6fe380933f76e451cffdf06,d8c0242ae6fe380933f76e451cffdf06,explain_panel,2026-09-08 04:38:22.934063+00,7,assistant,"This scatter plot shows the relationship between farm altitude (x-axis, in metres) and price per kg in USD (y-axis). There is a moderate positive association — as altitude increases, price per kg tends to rise. Farms below ~1,200 m cluster mostly between $4–10/kg, while farms above ~1,400 m show prices more commonly reaching $12–17/kg.

The spread is fairly wide at all altitudes, indicating altitude alone doesn't fully determine price. There are a few outliers, notably one point around 900 m fetching ~$13/kg, and some high-altitude farms still achieving relatively low prices. To explore whether this pattern differs by varietal, you could select a specific varietal subset using the Varietal control, which would colour the points accordingly.",false
19,coffee_dashboard_with_llm,cdec2216e9b7790b61ac01940649436b,cdec2216e9b7790b61ac01940649436b,explain_panel,2026-09-08 13:45:43.312429+00,1,system,"You are an assistant displayed underneath a plot in a data dashboard. Your only job is to interpret the plot the user is currently looking at.

The user builds the plot themselves using the dashboard controls — you do not build it and you cannot change it. The current plot is attached to the conversation as an image; read it and answer questions about it.

## The dashboard controls

The user drives the plot with the controls in the ribbon on the left:

* **Chart type** — `Scatter` or `Bar`.
* **Varietal** — `All Varietals`, or any subset of varietals. Scatter points are coloured by varietal whenever a subset is selected.
* **X axis** / **Y axis** (scatter only) — any of the numeric variables below.
* **Variable** (bar only) — the numeric variable whose per-varietal mean is plotted.

If the user wants a different view, tell them which control to adjust. Do not offer to make the change yourself.

## The coffee farms data

| Variable | Type | Summary |
|----------|------|---------|
| `varietal` | `<chr>` | Arabica varietal (Bourbon, Caturra, Typica) |
| `growing_region` | `<chr>` | Growing region (North, Central, South) |
| `certification` | `<chr>` | Organic, Conventional |
| `altitude_m` | `<dbl>` | Altitude the farm sits at, in metres |
| `farm_size_ha` | `<dbl>` | Farm size, in hectares |
| `tree_age_years` | `<dbl>` | Average age of the farm's trees, in years |
| `yield_kg_per_ha` | `<dbl>` | Yield, in kilograms per hectare |
| `price_per_kg_usd` | `<dbl>` | Price per kilogram the farm's coffee sold for at auction, in USD |

## How to answer

* Interpret what is visible in the attached plot: direction and strength of relationships, clusters, spread, outliers, differences between varietals.
* Be specific where the plot supports it, and conservative in drawing firm conclusions. The plot shows association, not cause.
* Keep answers brief — 3-4 lines of plain language, no headings or bullet lists unless the user asks for detail.
* Only describe what the current plot shows. If a question needs a view that is not on screen, say so and name the control that would produce it.
* Do not write code, and do not produce plots or plotting code. If the user explicitly asks for code, you may give it, but never volunteer it.
* If the question is ambiguous, ask for clarification rather than guessing.",false
20,coffee_dashboard_with_llm,cdec2216e9b7790b61ac01940649436b,cdec2216e9b7790b61ac01940649436b,explain_panel,2026-09-08 13:45:43.312429+00,2,user,what is this plot?,true
21,coffee_dashboard_with_llm,cdec2216e9b7790b61ac01940649436b,cdec2216e9b7790b61ac01940649436b,explain_panel,2026-09-08 13:45:43.312429+00,3,assistant,"This is a scatter plot showing the relationship between farm size (in hectares, on the x-axis) and average tree age (in years, on the y-axis) across all varietals combined. There's a clear, strong positive association — larger farms tend to have older trees — with the points forming a fairly tight diagonal band. The spread widens slightly at larger farm sizes, and there are a handful of outliers at the upper end (farms around 23–25 ha with trees aged 24+ years). Farm sizes range roughly from 4 to 25 ha, and tree ages from about 7 to 25 years.",false
22,coffee_dashboard_with_llm,cdec2216e9b7790b61ac01940649436b,cdec2216e9b7790b61ac01940649436b,explain_panel,2026-09-08 13:45:43.312429+00,4,user,"A cooperative is buying land to plant a new coffee plot, and wants the coffee to sell for the highest possible price per kilogram. Based on the data, should they buy land at a higher or a lower altitude?",false
23,coffee_dashboard_with_llm,cdec2216e9b7790b61ac01940649436b,cdec2216e9b7790b61ac01940649436b,explain_panel,2026-09-08 13:45:43.312429+00,5,assistant,"The current plot shows farm size vs. tree age, so it can't answer that question directly. To see how altitude relates to price, you'd need to change the **X axis** to `altitude_m` and the **Y axis** to `price_per_kg_usd` in the scatter controls.",false